{
    "dna_sequence": "ATAGAGCAGTTGGGAATGACATCCTCGCGTCACTAGATTACCCACCGGGA",
    "sequence_length": 50,
    "transition_matrix": {
        "A": {
            "A": 0.07692307692307693,
            "C": 0.3076923076923077,
            "G": 0.3076923076923077,
            "T": 0.3076923076923077
        },
        "C": {
            "A": 0.3076923076923077,
            "C": 0.3076923076923077,
            "G": 0.23076923076923078,
            "T": 0.15384615384615385
        },
        "G": {
            "A": 0.38461538461538464,
            "C": 0.15384615384615385,
            "G": 0.3076923076923077,
            "T": 0.15384615384615385
        },
        "T": {
            "A": 0.3,
            "C": 0.3,
            "G": 0.2,
            "T": 0.2
        }
    },
    "matrix_array": [
        [
            0.07692307692307693,
            0.3076923076923077,
            0.3076923076923077,
            0.3076923076923077
        ],
        [
            0.3076923076923077,
            0.3076923076923077,
            0.23076923076923078,
            0.15384615384615385
        ],
        [
            0.38461538461538464,
            0.15384615384615385,
            0.3076923076923077,
            0.15384615384615385
        ],
        [
            0.3,
            0.3,
            0.2,
            0.2
        ]
    ],
    "bases": [
        "A",
        "C",
        "G",
        "T"
    ],
    "description": "Transition probabilities between nucleotides in DNA sequence"
}